x,y,z,target
23.76253890991211,-9.486808776855469,-28.91876220703125,1
23.753009796142578,-9.416038513183594,-28.96038818359375,1
23.732707977294922,-9.411468505859375,-28.834716796875,1
23.798397064208984,-9.553474426269531,-29.084716796875,1
23.48375701904297,-9.900749206542969,-29.0157470703125,1
22.876983642578125,-9.946914672851562,-28.66998291015625,1
22.451019287109375,-10.563735961914062,-28.275146484375,1
23.250343322753906,-7.465827941894531,-29.01611328125,1
24.705123901367188,-2.4847335815429688,-28.2183837890625,1
25.093368530273438,-2.2315902709960938,-26.16015625,1
23.10460662841797,-3.525604248046875,-25.16888427734375,0
22.14820098876953,-3.4542922973632812,-23.50927734375,0
21.939495086669922,-3.6101760864257812,-22.39019775390625,0
22.563732147216797,-3.8379135131835938,-21.70208740234375,0
22.71994400024414,-3.8297653198242188,-21.79791259765625,0
22.77773666381836,-3.7296295166015625,-21.73187255859375,0
22.59548568725586,-3.627288818359375,-21.45208740234375,0
22.366992950439453,-3.5802383422851562,-21.69781494140625,0
22.136112213134766,-3.6545867919921875,-21.66351318359375,0
21.901134490966797,-3.5721282958984375,-21.70556640625,0
21.871253967285156,-3.712432861328125,-21.8656005859375,0
21.589523315429688,-3.8438262939453125,-21.765625,0
21.56029510498047,-3.9157257080078125,-21.84674072265625,0
21.434112548828125,-4.0806732177734375,-22.17877197265625,0
21.338523864746094,-4.015190124511719,-22.2713623046875,0
21.24443817138672,-4.072929382324219,-21.9910888671875,0
21.371826171875,-4.164329528808594,-21.658203125,0
21.284202575683594,-4.137138366699219,-21.3824462890625,0
21.13672637939453,-4.235099792480469,-21.37945556640625,0
21.174301147460938,-4.2010345458984375,-21.05926513671875,0
21.285919189453125,-4.280647277832031,-21.07318115234375,0
20.934967041015625,-4.411140441894531,-21.4979248046875,0
21.129791259765625,-4.5434417724609375,-21.79766845703125,0
21.232070922851562,-4.59942626953125,-21.72088623046875,0
21.52075958251953,-4.804756164550781,-21.76190185546875,0
21.71300506591797,-5.085563659667969,-21.87518310546875,0
21.868602752685547,-5.008445739746094,-22.0865478515625,1
22.350704193115234,-4.9340362548828125,-22.4495849609375,1
22.599117279052734,-4.859565734863281,-22.09271240234375,1
22.810779571533203,-4.877647399902344,-21.86309814453125,1
22.670425415039062,-4.8490753173828125,-22.150390625,1
22.579147338867188,-4.983673095703125,-22.381591796875,1
22.93537139892578,-4.397621154785156,-24.40020751953125,1
23.11103057861328,-3.382110595703125,-25.0877685546875,1
23.335346221923828,-3.1030502319335938,-25.45721435546875,1
23.306835174560547,-2.9082717895507812,-25.3873291015625,1
23.403629302978516,-2.4467010498046875,-25.86444091796875,1
23.438213348388672,-1.77862548828125,-26.5799560546875,1
23.427841186523438,-0.471588134765625,-27.7623291015625,1
23.70494842529297,0.8338775634765625,-27.64434814453125,1
23.85997772216797,1.7215423583984375,-27.5496826171875,1
23.290794372558594,1.8021621704101562,-28.325439453125,0
22.710399627685547,1.9278793334960938,-29.2547607421875,0
22.492183685302734,1.969512939453125,-29.69207763671875,0
22.457523345947266,1.759368896484375,-29.46905517578125,0
22.379642486572266,1.8256683349609375,-29.30224609375,0
19.258071899414062,0.622772216796875,-31.85595703125,0
17.796188354492188,-2.0169296264648438,-31.273193359375,0
18.24622344970703,-3.2138900756835938,-29.7730712890625,0
18.512855529785156,-3.7485504150390625,-28.8341064453125,0
18.807357788085938,-3.9611740112304688,-28.2633056640625,0
19.059219360351562,-4.26202392578125,-27.8533935546875,0
19.0355224609375,-4.255348205566406,-27.81768798828125,0
19.165504455566406,-4.244010925292969,-28.02001953125,0
19.02368927001953,-4.3230743408203125,-27.807373046875,0
19.207733154296875,-4.381156921386719,-27.642822265625,0
19.173202514648438,-4.381050109863281,-27.6240234375,1
19.00920867919922,-4.279289245605469,-27.76470947265625,1
18.971660614013672,-4.2402801513671875,-27.87091064453125,1
18.97684097290039,-4.1167144775390625,-27.8936767578125,1
22.306873321533203,1.72027587890625,-28.21490478515625,1
21.790912628173828,2.09783935546875,-29.180419921875,1
21.710979461669922,2.22552490234375,-29.8236083984375,1
21.731990814208984,2.3398590087890625,-29.74273681640625,1
21.885120391845703,2.369964599609375,-29.450927734375,1
22.278125762939453,2.3126983642578125,-29.1162109375,1
22.286373138427734,2.41845703125,-28.777587890625,1
22.455631256103516,2.3291397094726562,-28.73077392578125,1
22.399066925048828,2.2796783447265625,-28.5113525390625,1
22.466289520263672,2.1983413696289062,-28.2362060546875,1
22.584983825683594,2.1589508056640625,-28.3009033203125,1
22.77112579345703,2.0370712280273438,-27.94805908203125,1
22.7122802734375,2.0396347045898438,-27.758544921875,1
22.88262176513672,2.2097930908203125,-27.228271484375,0
22.915401458740234,2.1142578125,-27.014404296875,0
22.96799087524414,1.9629669189453125,-27.164306640625,0
22.892498016357422,2.0461196899414062,-27.04901123046875,0
19.19241714477539,0.03441619873046875,-30.9127197265625,0
18.81106185913086,-1.833221435546875,-30.5003662109375,0
18.874637603759766,-1.98602294921875,-30.41845703125,0
18.839962005615234,-1.8324508666992188,-30.13189697265625,0
18.95473861694336,-1.96820068359375,-30.04718017578125,0
18.912403106689453,-2.023529052734375,-30.24658203125,0
19.106266021728516,-2.1711578369140625,-30.2718505859375,0
19.048961639404297,-2.1901702880859375,-30.02740478515625,0
19.137104034423828,-2.3896713256835938,-29.72467041015625,0
19.29595947265625,-2.5243759155273438,-29.77655029296875,0
19.452232360839844,-2.596832275390625,-29.5096435546875,0
19.350669860839844,-2.8292999267578125,-29.1510009765625,0
19.58098602294922,-2.9506378173828125,-29.114501953125,0
19.706981658935547,-2.9346542358398438,-29.00048828125,0
19.73885726928711,-2.925567626953125,-28.7320556640625,0
19.675281524658203,-2.9367828369140625,-28.65313720703125,0
19.65134048461914,-2.897674560546875,-28.77142333984375,0
19.586509704589844,-2.9531326293945312,-28.7578125,0
19.50323486328125,-3.0140151977539062,-28.988525390625,0
19.597434997558594,-3.130035400390625,-28.87969970703125,0
19.396133422851562,-3.1967620849609375,-28.66265869140625,0
19.547672271728516,-3.2556838989257812,-28.509521484375,0
19.501720428466797,-3.2808456420898438,-28.538818359375,0
19.66177749633789,-3.2174453735351562,-28.70953369140625,0
19.681438446044922,-3.2447891235351562,-28.6116943359375,1
19.470890045166016,-3.2708358764648438,-28.68499755859375,1
19.447818756103516,-3.2418670654296875,-28.8026123046875,1
19.555706024169922,-3.16534423828125,-28.592529296875,1
21.524250030517578,0.6266021728515625,-28.33074951171875,1
22.95223617553711,1.3390274047851562,-26.14788818359375,1
22.683536529541016,1.3781204223632812,-26.63372802734375,1
22.457744598388672,1.4159774780273438,-27.11773681640625,1
22.26473617553711,1.4114837646484375,-27.32281494140625,1
22.14593505859375,1.377777099609375,-27.3304443359375,1
22.16315460205078,1.261444091796875,-27.2513427734375,1
22.007049560546875,1.301025390625,-27.49700927734375,1
22.001144409179688,1.177947998046875,-27.52972412109375,1
22.111663818359375,1.2717208862304688,-27.70196533203125,1
22.136428833007812,1.1908721923828125,-27.7183837890625,1
22.17224884033203,1.3109970092773438,-27.83984375,1
22.30628204345703,1.4544143676757812,-27.69866943359375,1
22.46312713623047,1.4361038208007812,-27.94580078125,1
22.492767333984375,1.4513015747070312,-27.828369140625,1
22.486724853515625,1.512481689453125,-27.616455078125,0
22.430564880371094,1.3936538696289062,-27.4150390625,0
22.44158935546875,1.3412017822265625,-27.58660888671875,0
22.313030242919922,1.5154647827148438,-27.511474609375,0
21.890155792236328,1.3312759399414062,-28.0301513671875,0
20.017757415771484,-1.4477615356445312,-29.80859375,0
20.654285430908203,-2.3541946411132812,-29.35247802734375,0
21.600872039794922,-1.4728240966796875,-29.17523193359375,0
21.638195037841797,-1.1197357177734375,-28.70684814453125,0
21.371723175048828,-1.3380966186523438,-28.64739990234375,0
21.257320404052734,-1.8184280395507812,-29.05413818359375,0
20.92361068725586,-2.2977981567382812,-29.08935546875,0
20.735843658447266,-2.3717422485351562,-29.154296875,0
20.605510711669922,-2.4702682495117188,-29.46649169921875,0
20.390277862548828,-2.6778106689453125,-29.41546630859375,0
19.993377685546875,-2.95489501953125,-29.53173828125,0
19.826629638671875,-3.2303085327148438,-29.111572265625,0
19.82823944091797,-3.4214935302734375,-29.05950927734375,0
19.765838623046875,-3.5704803466796875,-28.79254150390625,0
19.71475601196289,-3.6791305541992188,-28.8306884765625,0
19.61837387084961,-3.5850143432617188,-28.92987060546875,0
19.56533432006836,-3.7573089599609375,-28.9501953125,0
19.554737091064453,-3.8524398803710938,-28.9842529296875,0
19.577434539794922,-3.7470855712890625,-28.73870849609375,0
19.372684478759766,-3.6598052978515625,-29.0379638671875,0
19.476055145263672,-3.5871429443359375,-28.955810546875,0
19.422016143798828,-3.463714599609375,-29.00750732421875,0
19.418136596679688,-3.5438919067382812,-28.956787109375,0
19.148536682128906,-3.5559616088867188,-28.87249755859375,0
19.185028076171875,-3.4755935668945312,-28.7314453125,0
19.20978546142578,-3.5714797973632812,-28.82171630859375,1
19.215988159179688,-3.5365829467773438,-28.7686767578125,1
19.27936553955078,-3.5450973510742188,-28.695068359375,1
19.304885864257812,-3.537445068359375,-28.9083251953125,1
19.450393676757812,-3.0281906127929688,-29.31414794921875,1
22.765472412109375,1.4427947998046875,-28.35992431640625,1
23.38520050048828,1.925262451171875,-27.94512939453125,1
23.684463500976562,2.0411529541015625,-28.30419921875,1
23.642906188964844,1.9144287109375,-28.2001953125,1
23.602962493896484,2.0263290405273438,-28.40032958984375,1
23.47897720336914,2.0096054077148438,-28.58807373046875,1
23.358417510986328,1.9052505493164062,-28.24847412109375,0
23.405834197998047,1.7134323120117188,-28.2725830078125,0
23.403549194335938,1.7276611328125,-28.169189453125,0
23.60528564453125,1.6484451293945312,-28.24127197265625,0
23.558029174804688,1.5763702392578125,-28.3682861328125,0
23.430702209472656,1.6516265869140625,-28.26947021484375,0
23.580562591552734,1.5944976806640625,-28.16461181640625,0
23.564556121826172,1.70281982421875,-28.0811767578125,0
23.64071273803711,1.810638427734375,-27.9658203125,0
26.085567474365234,0.6692047119140625,-22.67401123046875,0
27.001605987548828,-2.8046417236328125,-16.72357177734375,0
26.935626983642578,-3.5680389404296875,-15.625244140625,0
27.080081939697266,-3.8252487182617188,-15.4063720703125,0
27.463977813720703,-4.601959228515625,-14.82275390625,0
27.460540771484375,-4.781959533691406,-14.65545654296875,0
27.454437255859375,-5.014656066894531,-14.43109130859375,0
27.571189880371094,-5.208747863769531,-14.3861083984375,0
27.337364196777344,-5.494010925292969,-14.439453125,0
27.289230346679688,-5.708732604980469,-14.1112060546875,0
27.20940399169922,-5.7794952392578125,-14.31109619140625,0
27.15241241455078,-5.832786560058594,-14.37774658203125,0
27.216506958007812,-5.945640563964844,-14.32586669921875,1
27.214889526367188,-6.006507873535156,-14.36480712890625,1
27.242637634277344,-5.9506683349609375,-14.16864013671875,1
27.27037811279297,-6.006195068359375,-14.3153076171875,1
27.302108764648438,-3.922088623046875,-15.427734375,1
22.164234161376953,1.8426895141601562,-26.77996826171875,1
20.94913101196289,1.8745040893554688,-28.98565673828125,1
20.932331085205078,1.773590087890625,-29.5478515625,1
20.926342010498047,1.7491989135742188,-29.65106201171875,1
20.836353302001953,1.9097747802734375,-29.4595947265625,1
20.956745147705078,1.91998291015625,-29.53997802734375,1
21.064937591552734,1.9190444946289062,-29.3624267578125,1
20.89505386352539,1.7963714599609375,-29.33258056640625,1
21.042964935302734,1.7999267578125,-29.271728515625,1
21.08084487915039,1.7974777221679688,-29.14886474609375,1
21.106616973876953,1.7633438110351562,-29.06982421875,1
21.195384979248047,1.79119873046875,-28.95684814453125,1
21.159679412841797,1.7389144897460938,-29.00140380859375,1
21.326419830322266,1.7616653442382812,-29.0380859375,1
21.314395904541016,1.7775497436523438,-29.0291748046875,1
21.347904205322266,1.6984100341796875,-29.12127685546875,0
21.215686798095703,1.7274627685546875,-28.90472412109375,0
21.227436065673828,1.69964599609375,-28.865966796875,0
21.137592315673828,1.668853759765625,-28.92230224609375,0
23.740520477294922,1.5914230346679688,-25.1226806640625,0
26.453800201416016,-2.3393707275390625,-17.46685791015625,0
26.413585662841797,-3.914886474609375,-16.1739501953125,0
26.55453872680664,-4.438896179199219,-15.9395751953125,0
26.862293243408203,-4.949089050292969,-15.9481201171875,0
26.796649932861328,-5.22760009765625,-15.5994873046875,0
26.674442291259766,-5.370574951171875,-15.59808349609375,0
26.659420013427734,-5.574851989746094,-15.6593017578125,0
26.727420806884766,-5.7955169677734375,-15.61566162109375,0
26.483257293701172,-5.8784027099609375,-15.392822265625,0
26.387592315673828,-5.9294891357421875,-15.61578369140625,1
26.583194732666016,-5.9526824951171875,-15.64593505859375,1
26.51553726196289,-6.025978088378906,-15.68585205078125,1
26.574146270751953,-5.9775238037109375,-15.68597412109375,1
26.79840087890625,-5.441337585449219,-15.6956787109375,1
24.6282958984375,0.7727737426757812,-23.5889892578125,1
21.47663116455078,2.5475692749023438,-28.93865966796875,1
21.606605529785156,2.499786376953125,-28.9737548828125,1
21.887004852294922,2.4508819580078125,-28.53070068359375,1
21.74118423461914,2.28851318359375,-28.7572021484375,1
21.627521514892578,2.5433425903320312,-28.88421630859375,1
21.608356475830078,2.4117813110351562,-28.71636962890625,1
21.52285385131836,2.2980499267578125,-28.75927734375,1
21.592853546142578,2.24005126953125,-28.50787353515625,1
21.666095733642578,2.1792068481445312,-28.60052490234375,1
21.824565887451172,2.1662521362304688,-28.53826904296875,1
21.8731689453125,2.2259445190429688,-28.43414306640625,1
21.884063720703125,2.1163482666015625,-28.218505859375,1
22.087493896484375,2.1453018188476562,-28.33160400390625,1
22.001853942871094,2.0740737915039062,-28.26080322265625,1
21.956390380859375,1.9207000732421875,-28.30816650390625,1
22.04607391357422,1.890045166015625,-28.13409423828125,1
21.97142791748047,2.0147705078125,-27.92169189453125,1
22.050148010253906,1.9533233642578125,-27.7222900390625,1
21.98421859741211,1.867706298828125,-27.8988037109375,1
21.89310073852539,1.8903427124023438,-27.861328125,1
22.032665252685547,1.9751663208007812,-27.85345458984375,1
21.916744232177734,2.0214309692382812,-27.8955078125,1
21.821319580078125,2.0492477416992188,-28.10015869140625,1
21.903717041015625,2.037689208984375,-28.0357666015625,1
21.713531494140625,1.9751358032226562,-28.04376220703125,0
21.75860595703125,2.0318984985351562,-28.159912109375,0
21.839351654052734,2.0853347778320312,-28.02862548828125,0
21.77578353881836,2.0377349853515625,-28.1563720703125,0
20.233898162841797,0.982818603515625,-29.94146728515625,0
19.675182342529297,-2.1410980224609375,-29.8919677734375,0
20.12271499633789,-3.5897979736328125,-28.790283203125,0
20.418025970458984,-4.244712829589844,-28.08685302734375,0
20.591243743896484,-4.3078155517578125,-27.92138671875,0
20.55166244506836,-4.411766052246094,-28.11749267578125,0
20.659523010253906,-4.424163818359375,-27.8193359375,0
20.737159729003906,-4.609138488769531,-27.65008544921875,0
20.76666259765625,-4.624107360839844,-27.5927734375,0
20.70378875732422,-4.664581298828125,-27.19049072265625,0
20.964344024658203,-4.743171691894531,-26.941650390625,0
21.263843536376953,-4.766349792480469,-25.87078857421875,0
21.54073715209961,-4.711479187011719,-25.07257080078125,0
21.94675064086914,-4.683586120605469,-24.146728515625,0
22.379924774169922,-4.7517547607421875,-23.7257080078125,0
22.35500717163086,-4.7404937744140625,-23.25225830078125,0
22.49911880493164,-4.778297424316406,-23.151611328125,1
22.76968002319336,-4.682258605957031,-22.77325439453125,1
22.713531494140625,-4.721199035644531,-22.67596435546875,1
22.679840087890625,-4.7314300537109375,-22.61627197265625,1
22.25445556640625,-3.7737808227539062,-23.67041015625,1
22.870079040527344,-2.50701904296875,-23.816650390625,1
23.27753448486328,-2.2065200805664062,-23.391357421875,1
23.155181884765625,-2.1458053588867188,-23.49859619140625,1
23.14366912841797,-2.1389694213867188,-23.760986328125,1
23.092140197753906,-2.286956787109375,-23.7703857421875,1
22.95929718017578,-2.4655685424804688,-23.68365478515625,1
23.046829223632812,-2.5333328247070312,-23.22015380859375,1
23.062034606933594,-2.6434707641601562,-23.41351318359375,1
23.091766357421875,-2.541900634765625,-23.4654541015625,1
23.213794708251953,-2.7115325927734375,-23.16314697265625,1
23.250499725341797,-2.6933059692382812,-23.24407958984375,1
23.234699249267578,-2.6823654174804688,-23.49151611328125,1
23.215930938720703,-2.718597412109375,-23.1846923828125,1
23.231369018554688,-2.8248672485351562,-23.15325927734375,1
23.24700927734375,-2.7548828125,-23.04400634765625,1
23.36339569091797,-2.6196670532226562,-23.06390380859375,1
23.332550048828125,-2.7192916870117188,-23.27593994140625,1
23.273357391357422,-2.8383331298828125,-23.48626708984375,1
23.367023468017578,-2.7302398681640625,-23.15667724609375,1
23.460330963134766,-2.7467575073242188,-23.29937744140625,1
23.36324691772461,-2.74383544921875,-23.36834716796875,1
23.462352752685547,-2.830841064453125,-23.54156494140625,0
23.430850982666016,-2.854949951171875,-23.3963623046875,0
23.384410858154297,-2.8721389770507812,-23.07958984375,0
23.286319732666016,-2.7170562744140625,-23.39202880859375,0
22.985572814941406,-2.798614501953125,-23.7066650390625,0
22.572959899902344,-3.35491943359375,-23.89813232421875,0
22.683456420898438,-3.7236557006835938,-23.70562744140625,0
22.821693420410156,-3.900909423828125,-23.37646484375,0
22.819305419921875,-3.8970947265625,-23.364013671875,0
22.80968475341797,-3.9939041137695312,-23.44476318359375,0
22.80229949951172,-4.026405334472656,-23.3392333984375,0
22.767417907714844,-4.103179931640625,-23.30133056640625,0
22.90375518798828,-4.112602233886719,-23.19573974609375,0
22.836624145507812,-4.22540283203125,-23.046630859375,0
22.857078552246094,-4.365898132324219,-23.04302978515625,0
23.047836303710938,-4.3311920166015625,-23.02496337890625,0
22.94524383544922,-4.401588439941406,-23.13043212890625,0
23.058853149414062,-4.482666015625,-22.86090087890625,0
22.962265014648438,-4.4838409423828125,-23.0052490234375,0
22.9659423828125,-4.461769104003906,-22.9090576171875,0
22.932449340820312,-4.489540100097656,-23.09429931640625,0
22.851898193359375,-4.478080749511719,-23.14117431640625,1
22.691627502441406,-4.5728759765625,-23.23651123046875,1
22.59406280517578,-4.624885559082031,-23.12017822265625,1
22.69891357421875,-4.530975341796875,-23.04132080078125,1
23.213153839111328,-3.08489990234375,-23.27923583984375,1
23.155376434326172,-2.8362350463867188,-23.2467041015625,1
23.211612701416016,-2.7485504150390625,-23.14935302734375,1
23.291851043701172,-2.7636260986328125,-23.02972412109375,1
23.467750549316406,-2.7542724609375,-22.9307861328125,1
23.624618530273438,-2.6888427734375,-22.76751708984375,1
23.436294555664062,-2.7904281616210938,-22.7374267578125,1
23.205398559570312,-2.7853775024414062,-23.1766357421875,1
23.014957427978516,-2.7295989990234375,-23.31884765625,1
23.03110122680664,-2.6993637084960938,-23.35809326171875,1
23.05826187133789,-2.5083236694335938,-23.5601806640625,1
23.32986068725586,-2.4664688110351562,-23.18609619140625,1
23.71566390991211,-2.5749130249023438,-22.7626953125,1
23.648151397705078,-2.5039138793945312,-23.07269287109375,1
23.570240020751953,-2.5755615234375,-23.3126220703125,1
23.71377944946289,-2.57965087890625,-23.43939208984375,1
23.650455474853516,-2.5701904296875,-23.37921142578125,1
23.74587631225586,-2.6248016357421875,-23.3739013671875,1
23.695964813232422,-2.6314849853515625,-23.517822265625,1
23.575870513916016,-2.6512832641601562,-23.5001220703125,1
23.57369613647461,-2.6626205444335938,-23.58843994140625,0
23.639163970947266,-2.5694122314453125,-23.7078857421875,0
23.735370635986328,-2.6011810302734375,-23.55133056640625,0
23.730274200439453,-2.5982513427734375,-23.4549560546875,0
23.853992462158203,-2.7099456787109375,-23.41876220703125,0
24.78829574584961,-3.4582748413085938,-22.865478515625,0
24.977954864501953,-3.6322555541992188,-22.49176025390625,0
25.023006439208984,-3.7405014038085938,-22.61163330078125,0
25.186538696289062,-3.8247528076171875,-22.6424560546875,0
25.028152465820312,-3.7277908325195312,-22.65875244140625,0
24.923065185546875,-3.8212203979492188,-22.82720947265625,0
24.864578247070312,-3.8010025024414062,-22.8519287109375,0
24.791004180908203,-3.6853790283203125,-22.8277587890625,0
24.638385772705078,-3.6199874877929688,-23.0855712890625,0
24.637508392333984,-3.5480499267578125,-22.9813232421875,1
24.503612518310547,-3.4577407836914062,-22.9429931640625,1
24.484783172607422,-3.4635543823242188,-22.86614990234375,1
24.364551544189453,-3.411895751953125,-22.638671875,1
24.34329605102539,-3.3238906860351562,-22.84637451171875,1
23.581043243408203,-2.6902618408203125,-23.32928466796875,1
23.21689224243164,-2.4749755859375,-23.5716552734375,1
23.050174713134766,-2.4532012939453125,-23.60699462890625,1
23.045169830322266,-2.3952178955078125,-23.54443359375,1
23.05471420288086,-2.4553375244140625,-23.53668212890625,1
23.079551696777344,-2.468841552734375,-23.7867431640625,1
23.072555541992188,-2.4942474365234375,-23.60345458984375,1
23.138656616210938,-2.63885498046875,-23.79754638671875,1
22.98273468017578,-2.54266357421875,-23.8665771484375,1
23.16211700439453,-2.5906906127929688,-23.7244873046875,1
22.995635986328125,-2.575958251953125,-23.69781494140625,0
22.97418212890625,-2.40771484375,-23.850341796875,0
23.02552032470703,-2.3582611083984375,-23.7659912109375,0
23.133808135986328,-2.3904037475585938,-23.9957275390625,0
23.583026885986328,-2.8731307983398438,-23.91094970703125,0
24.461559295654297,-3.499603271484375,-23.75384521484375,0
24.543537139892578,-3.7410888671875,-23.494384765625,0
24.451644897460938,-3.7339630126953125,-23.421630859375,0
24.61528778076172,-3.743133544921875,-23.3687744140625,0
24.556312561035156,-3.8252716064453125,-23.4093017578125,0
24.53014373779297,-3.7462921142578125,-23.5460205078125,0
24.529376983642578,-3.811676025390625,-23.58245849609375,0
24.60666275024414,-3.830841064453125,-23.3060302734375,0
24.525005340576172,-3.7975845336914062,-23.43109130859375,0
24.506511688232422,-3.8010711669921875,-23.4385986328125,0
24.509357452392578,-3.8685150146484375,-23.3944091796875,0
24.533428192138672,-3.7870864868164062,-23.6011962890625,0
24.522388458251953,-3.7969131469726562,-23.50115966796875,0
24.424991607666016,-3.8114776611328125,-23.59173583984375,0
24.326480865478516,-3.7970657348632812,-23.37054443359375,1
24.448314666748047,-3.77813720703125,-23.3795166015625,1
24.380680084228516,-3.728607177734375,-23.310791015625,1
24.25375747680664,-3.7139053344726562,-23.26873779296875,1
24.023418426513672,-3.5687484741210938,-23.6046142578125,1
23.53750991821289,-2.7697677612304688,-24.52899169921875,1
23.11983871459961,-2.1701202392578125,-24.6094970703125,1
22.807254791259766,-2.0509719848632812,-24.66314697265625,1
22.653953552246094,-1.9117965698242188,-24.8421630859375,1
22.70531463623047,-1.8142547607421875,-24.920166015625,1
22.48101043701172,-1.6312408447265625,-25.1639404296875,1
22.401344299316406,-1.6134796142578125,-25.1278076171875,1
22.18375015258789,-1.6771774291992188,-25.14031982421875,1
22.067188262939453,-1.652679443359375,-25.1552734375,1
21.953067779541016,-1.6843948364257812,-25.2337646484375,1
22.041484832763672,-1.7044219970703125,-25.23260498046875,1
21.932998657226562,-1.7037811279296875,-25.0733642578125,1
21.939727783203125,-1.7132568359375,-25.1636962890625,1
21.95030975341797,-1.6677017211914062,-24.921875,1
21.975067138671875,-1.6558151245117188,-25.09716796875,1
20.589046478271484,-2.0618743896484375,-25.7001953125,1
20.133525848388672,-3.1336517333984375,-25.59600830078125,1
20.25246810913086,-3.5467758178710938,-25.321533203125,1
20.078609466552734,-3.73162841796875,-25.22406005859375,1
20.05752944946289,-3.9663467407226562,-25.1907958984375,1
20.22176742553711,-3.9888534545898438,-25.02545166015625,0
21.12497329711914,-2.2174072265625,-25.4918212890625,0
22.295360565185547,-2.0334625244140625,-24.3558349609375,0
22.59830093383789,-2.0762557983398438,-24.333740234375,0
22.43527603149414,-2.0460205078125,-24.3079833984375,0
20.989429473876953,-2.7353668212890625,-24.81591796875,0
20.349857330322266,-3.9064865112304688,-24.80438232421875,0
20.406326293945312,-4.052528381347656,-24.834228515625,0
20.38233184814453,-4.11614990234375,-24.794189453125,0
20.317794799804688,-4.0086517333984375,-24.956787109375,0
20.581253051757812,-4.065727233886719,-24.77557373046875,0
20.398380279541016,-4.0733184814453125,-24.58087158203125,0
20.582637786865234,-4.0472412109375,-24.72332763671875,0
20.64487075805664,-4.1496124267578125,-24.63470458984375,0
20.529979705810547,-4.135551452636719,-24.6121826171875,0
20.535869598388672,-4.175636291503906,-24.659423828125,0
20.532833099365234,-4.1763763427734375,-24.5823974609375,0
20.43575668334961,-4.010467529296875,-24.35589599609375,0
20.55960464477539,-4.130912780761719,-24.4420166015625,0
20.490867614746094,-4.125267028808594,-24.30682373046875,1
20.432159423828125,-4.148834228515625,-24.41705322265625,1
20.46265411376953,-4.19329833984375,-24.13433837890625,1
20.390541076660156,-4.06378173828125,-24.3482666015625,1
22.415008544921875,-1.7872848510742188,-24.28704833984375,1
22.697967529296875,-1.4567718505859375,-24.30609130859375,1
22.78942108154297,-1.360992431640625,-23.998291015625,1
23.403793334960938,-1.584686279296875,-23.75714111328125,1
23.84632110595703,-1.9295501708984375,-23.49615478515625,1
23.656982421875,-1.904388427734375,-23.34832763671875,1
23.842384338378906,-1.9381866455078125,-23.76153564453125,1
24.004959106445312,-2.1267471313476562,-23.46875,1
24.25164031982422,-2.232513427734375,-23.71502685546875,1
24.35367202758789,-2.3268966674804688,-23.6240234375,1
24.497318267822266,-2.429351806640625,-23.52532958984375,1
24.575458526611328,-2.42529296875,-23.57940673828125,1
24.76540756225586,-2.5399703979492188,-23.67279052734375,1
24.49545669555664,-2.4817428588867188,-23.919921875,1
24.19974136352539,-2.30328369140625,-24.163330078125,1
24.052486419677734,-2.134765625,-24.18426513671875,1
24.087299346923828,-2.19366455078125,-24.1072998046875,1
24.055225372314453,-2.114654541015625,-24.53302001953125,1
23.92306137084961,-2.0998077392578125,-24.6510009765625,1
23.786754608154297,-1.9897079467773438,-24.39599609375,1
23.857784271240234,-1.9337844848632812,-24.40289306640625,0
23.882305145263672,-1.8456039428710938,-24.396240234375,0
23.884441375732422,-2.0026092529296875,-24.5560302734375,0
23.770801544189453,-2.0071258544921875,-24.53497314453125,0
25.223552703857422,-2.9404525756835938,-23.0870361328125,0
26.01398468017578,-5.4772796630859375,-20.1712646484375,0
25.802833557128906,-5.7935791015625,-19.62298583984375,0
25.76129150390625,-5.883522033691406,-19.78857421875,0
25.70135498046875,-5.856910705566406,-19.642333984375,0
25.81875991821289,-5.951873779296875,-19.69525146484375,0
25.704341888427734,-5.870460510253906,-19.37432861328125,0
25.879596710205078,-5.8886871337890625,-19.32354736328125,0
25.727779388427734,-5.8842926025390625,-19.5206298828125,0
25.69091033935547,-5.8083648681640625,-19.3065185546875,0
25.686111450195312,-5.872261047363281,-19.1834716796875,0
25.872596740722656,-5.807037353515625,-19.35906982421875,0
25.805557250976562,-5.792022705078125,-19.0748291015625,1
25.726573944091797,-5.7815399169921875,-19.3001708984375,1
25.889522552490234,-5.89117431640625,-19.259765625,1
25.71945571899414,-5.902442932128906,-19.2913818359375,1
26.225109100341797,-5.3593292236328125,-19.85369873046875,1
24.957481384277344,-2.777587890625,-22.59527587890625,1
24.188209533691406,-1.6204833984375,-24.2186279296875,1
23.732772827148438,-1.0916748046875,-24.80975341796875,1
23.480606079101562,-0.9710159301757812,-25.10308837890625,1
23.40235137939453,-0.861175537109375,-24.94952392578125,1
23.349365234375,-0.7472305297851562,-24.967529296875,1
23.263092041015625,-0.854034423828125,-25.145263671875,1
23.326644897460938,-0.8116531372070312,-25.05792236328125,1
23.37395477294922,-0.7506027221679688,-25.0867919921875,1
23.314544677734375,-0.7936477661132812,-25.1937255859375,1
23.115989685058594,-0.7450332641601562,-25.052001953125,0
23.27654266357422,-0.7220535278320312,-25.17352294921875,0
23.136714935302734,-0.7164764404296875,-25.0791015625,0
23.31192398071289,-0.8422470092773438,-25.06365966796875,0
26.529926300048828,-4.7264404296875,-20.01019287109375,0
26.062007904052734,-5.81072998046875,-19.29388427734375,0
26.117523193359375,-5.806182861328125,-19.14569091796875,0
26.121017456054688,-5.809440612792969,-19.13336181640625,0
25.977943420410156,-5.87286376953125,-19.159423828125,0
25.87902069091797,-5.9148712158203125,-19.40081787109375,0
25.847370147705078,-5.893951416015625,-19.4072265625,0
25.907901763916016,-5.941429138183594,-19.41400146484375,0
25.894237518310547,-6.0955657958984375,-19.346923828125,0
25.873607635498047,-5.955543518066406,-19.2867431640625,0
25.965423583984375,-5.9106597900390625,-19.251708984375,0
25.86474609375,-6.00091552734375,-19.15167236328125,0
25.920303344726562,-5.893341064453125,-19.091064453125,1
25.957618713378906,-5.899436950683594,-19.10980224609375,1
25.905738830566406,-5.8145294189453125,-19.294189453125,1
25.97356414794922,-5.634002685546875,-19.23431396484375,1
24.793243408203125,-2.0252532958984375,-23.14630126953125,1
24.040908813476562,-0.8374252319335938,-24.56243896484375,1
23.61069107055664,-0.8356704711914062,-24.94525146484375,1
23.53036880493164,-0.7270431518554688,-25.0694580078125,1
23.202495574951172,-0.4984893798828125,-25.27001953125,1
23.048595428466797,-0.5394744873046875,-25.3125,1
23.03217315673828,-0.5784072875976562,-25.28936767578125,1
22.960922241210938,-0.48735809326171875,-25.4498291015625,1
22.943984985351562,-0.5829544067382812,-25.5513916015625,1
23.074844360351562,-0.6325759887695312,-25.38232421875,0
23.2442626953125,-0.8078384399414062,-25.26031494140625,0
23.2054443359375,-0.8377151489257812,-25.32080078125,0
23.08409881591797,-1.009307861328125,-25.09844970703125,0
22.53057861328125,-1.2774887084960938,-24.39453125,0
21.80862045288086,-1.7878799438476562,-24.4610595703125,0
22.884082794189453,-2.2959060668945312,-22.886962890625,0
22.594837188720703,-2.0190200805664062,-23.29901123046875,0
22.002574920654297,-1.974700927734375,-23.821044921875,0
21.703628540039062,-2.1161575317382812,-23.97882080078125,0
21.435409545898438,-2.489715576171875,-24.04046630859375,1
21.656219482421875,-2.89520263671875,-23.71575927734375,1
21.835372924804688,-3.1977920532226562,-23.20611572265625,1
21.953533172607422,-3.3921890258789062,-23.16729736328125,1
22.098079681396484,-3.4725570678710938,-23.06005859375,1
22.184032440185547,-3.45458984375,-22.95318603515625,1
22.231731414794922,-3.1831588745117188,-22.51153564453125,1
23.300643920898438,-2.6920700073242188,-22.02276611328125,1
24.453765869140625,-3.08837890625,-20.9866943359375,1
24.457313537597656,-2.9733657836914062,-21.06427001953125,1
24.202117919921875,-2.9836273193359375,-21.09283447265625,1
24.101696014404297,-2.9252166748046875,-21.41156005859375,1
23.84726333618164,-2.6688156127929688,-21.76715087890625,1
23.567974090576172,-2.4427032470703125,-22.0062255859375,1
23.291622161865234,-2.31219482421875,-22.26800537109375,1
23.32089614868164,-2.1035614013671875,-22.11138916015625,1
23.43581771850586,-2.1725845336914062,-21.9720458984375,1
23.249019622802734,-2.1295623779296875,-22.4345703125,1
22.832294464111328,-1.9785079956054688,-22.98150634765625,1
22.54587173461914,-2.1620330810546875,-22.314697265625,1
22.031848907470703,-2.6581954956054688,-21.77392578125,1
22.11014175415039,-2.9041519165039062,-22.39862060546875,1
22.30355453491211,-2.8393325805664062,-22.84490966796875,1
22.562808990478516,-2.728729248046875,-23.13671875,1
22.953685760498047,-2.8689041137695312,-22.73883056640625,1
22.912540435791016,-2.80584716796875,-22.86016845703125,1
22.88217544555664,-2.712921142578125,-23.20855712890625,1
22.844863891601562,-2.6363983154296875,-23.102294921875,1
22.833465576171875,-2.5501251220703125,-23.15679931640625,0
22.599205017089844,-2.4872970581054688,-22.86419677734375,0
22.719139099121094,-2.46112060546875,-23.1455078125,0
22.826065063476562,-2.3736572265625,-23.1405029296875,0
22.86084747314453,-2.3191986083984375,-23.05731201171875,0
22.66020965576172,-2.4570236206054688,-23.43829345703125,0
21.94904327392578,-3.2316665649414062,-23.86566162109375,0
22.008251190185547,-4.605720520019531,-22.8145751953125,0
22.082950592041016,-4.7374420166015625,-22.77587890625,0
22.02695083618164,-4.755638122558594,-22.790771484375,0
21.786136627197266,-4.744544982910156,-22.8214111328125,0
21.773494720458984,-4.674385070800781,-22.904296875,0
21.862712860107422,-4.749702453613281,-22.76275634765625,0
21.78989028930664,-4.870353698730469,-23.0546875,0
21.94613265991211,-4.786674499511719,-23.1270751953125,0
21.712078094482422,-4.715553283691406,-22.91424560546875,0
21.772357940673828,-4.7861480712890625,-22.7623291015625,0
21.88839340209961,-4.774925231933594,-22.9825439453125,0
21.764774322509766,-4.716178894042969,-22.769287109375,0
21.51144027709961,-4.665336608886719,-22.9232177734375,1
21.63369369506836,-4.809547424316406,-22.82354736328125,1
21.786869049072266,-4.633552551269531,-23.05438232421875,1
21.552318572998047,-4.573539733886719,-23.409912109375,1
21.522411346435547,-4.302192687988281,-23.455078125,1
22.670780181884766,-2.3995513916015625,-23.4774169921875,1
22.760517120361328,-1.956329345703125,-23.6290283203125,1
22.89114761352539,-1.8668365478515625,-23.57904052734375,1
22.807537078857422,-1.888763427734375,-23.82177734375,1
22.955093383789062,-1.8778762817382812,-23.54644775390625,1
22.706932067871094,-1.9251174926757812,-23.8179931640625,1
22.475074768066406,-1.7664642333984375,-23.93304443359375,1
22.579986572265625,-1.7904281616210938,-24.04864501953125,1
22.611446380615234,-1.5215530395507812,-24.30859375,1
22.256542205810547,-1.389434814453125,-24.29571533203125,1
22.164997100830078,-1.391510009765625,-24.28717041015625,1
22.225627899169922,-1.3676300048828125,-24.06060791015625,0
22.29853057861328,-1.2094802856445312,-23.9686279296875,0
22.485763549804688,-1.095428466796875,-24.11431884765625,0
22.576950073242188,-1.2351760864257812,-24.2623291015625,0
22.880111694335938,-1.4584579467773438,-24.28662109375,0
23.773712158203125,-2.4917831420898438,-23.8775634765625,0
23.87738800048828,-2.8163528442382812,-23.6162109375,0
23.92546844482422,-2.8460540771484375,-23.6693115234375,0
24.018699645996094,-2.936798095703125,-23.88427734375,0
23.82473373413086,-2.8488693237304688,-23.2969970703125,0
23.906269073486328,-2.8890457153320312,-23.22528076171875,0
24.11782455444336,-2.908233642578125,-23.53277587890625,0
23.99399185180664,-2.9830551147460938,-23.61199951171875,0
24.02938461303711,-2.9668655395507812,-23.39886474609375,0
23.954113006591797,-2.9093475341796875,-23.20806884765625,0
23.787212371826172,-2.8748550415039062,-23.63067626953125,0
23.929523468017578,-2.902740478515625,-23.60333251953125,0
24.10486602783203,-2.943572998046875,-23.77239990234375,0
24.044158935546875,-2.9428024291992188,-23.744140625,0
23.96942901611328,-2.9253082275390625,-23.6644287109375,0
23.910873413085938,-2.8672561645507812,-23.44134521484375,0
23.980106353759766,-2.8755874633789062,-23.6361083984375,0
23.840595245361328,-2.876068115234375,-23.75927734375,0
23.946735382080078,-2.85400390625,-23.88494873046875,0
23.95676040649414,-2.946075439453125,-24.0069580078125,0
23.858787536621094,-2.9657821655273438,-23.7855224609375,1
23.91382598876953,-2.9111175537109375,-24.0626220703125,1
23.96343231201172,-2.9459304809570312,-24.0279541015625,1
23.84911346435547,-2.969024658203125,-23.99725341796875,1
23.820201873779297,-2.8792800903320312,-24.1083984375,1
22.704509735107422,-1.6857681274414062,-24.498046875,1
22.232555389404297,-1.481903076171875,-24.76983642578125,1
22.296367645263672,-1.5969085693359375,-25.0968017578125,1
22.22277069091797,-1.713134765625,-25.12591552734375,1
22.3851318359375,-1.6793365478515625,-25.01361083984375,1
22.320159912109375,-1.7100830078125,-24.9990234375,1
22.23265838623047,-1.7530975341796875,-25.02984619140625,1
22.15384292602539,-1.6515655517578125,-25.01971435546875,1
22.185482025146484,-1.655364990234375,-25.07611083984375,1
22.22433853149414,-1.6441192626953125,-24.6748046875,1
22.155315399169922,-1.6464157104492188,-24.8973388671875,1
22.160892486572266,-1.6544647216796875,-24.84429931640625,0
22.254566192626953,-1.6025009155273438,-24.6341552734375,0
22.290294647216797,-1.5688705444335938,-24.647216796875,0
22.326786041259766,-1.6001968383789062,-24.38189697265625,0
23.01598358154297,-2.3531036376953125,-24.87066650390625,0
23.94036865234375,-2.974884033203125,-24.240234375,0
24.099212646484375,-3.2221755981445312,-24.1060791015625,0
24.191299438476562,-3.2615432739257812,-24.080078125,0
24.178707122802734,-3.2432022094726562,-24.03631591796875,0
24.039325714111328,-3.2756118774414062,-24.02557373046875,0
24.003559112548828,-3.287567138671875,-24.30645751953125,0
24.00320816040039,-3.2309112548828125,-24.22625732421875,0
23.919578552246094,-3.2103424072265625,-24.1827392578125,0
24.123153686523438,-3.1979827880859375,-24.2275390625,0
24.18730926513672,-3.266021728515625,-24.16131591796875,0
24.010330200195312,-3.3754043579101562,-23.978515625,0
24.14468765258789,-3.3488998413085938,-24.03289794921875,0
24.242473602294922,-3.3135299682617188,-23.9346923828125,0
24.312664031982422,-3.3327484130859375,-23.9588623046875,0
24.253108978271484,-3.2950363159179688,-24.04345703125,0
24.00058364868164,-3.3168869018554688,-23.93499755859375,1
24.269542694091797,-3.2155075073242188,-23.6312255859375,1
24.224346160888672,-3.3061676025390625,-23.9794921875,1
24.222850799560547,-3.30718994140625,-23.861083984375,1
24.108379364013672,-3.149810791015625,-24.0595703125,1
23.17495346069336,-2.1263046264648438,-24.58233642578125,1
22.891971588134766,-1.9973602294921875,-24.5989990234375,1
22.774776458740234,-1.98651123046875,-24.91180419921875,1
22.742050170898438,-2.08978271484375,-24.65911865234375,1
22.603317260742188,-1.9785537719726562,-24.6663818359375,1
22.57215118408203,-1.9462051391601562,-24.57830810546875,1
22.60088348388672,-1.86993408203125,-24.7918701171875,1
22.514808654785156,-1.8321380615234375,-24.99609375,1
22.396644592285156,-1.777740478515625,-24.87322998046875,0
22.5498046875,-1.8214874267578125,-24.555419921875,0
22.382102966308594,-1.7227859497070312,-24.69427490234375,0
22.510730743408203,-1.7110443115234375,-24.54949951171875,0
23.684947967529297,-2.6458587646484375,-24.294189453125,0
24.689014434814453,-3.360626220703125,-23.5706787109375,0
24.755481719970703,-3.557281494140625,-23.365478515625,0
24.72573471069336,-3.57220458984375,-23.28436279296875,0
24.59908676147461,-3.406768798828125,-23.41778564453125,0
24.74764633178711,-3.4880752563476562,-23.4326171875,0
24.648868560791016,-3.41143798828125,-23.3824462890625,0
24.669178009033203,-3.4263992309570312,-23.5853271484375,0
24.65066146850586,-3.4573898315429688,-23.363525390625,0
24.665523529052734,-3.4481735229492188,-23.53192138671875,0
24.618396759033203,-3.4307937622070312,-23.21368408203125,0
24.634593963623047,-3.4312286376953125,-23.310302734375,0
24.739017486572266,-3.5145721435546875,-23.39202880859375,0
24.676616668701172,-3.5017776489257812,-23.27630615234375,0
24.820850372314453,-3.4098892211914062,-23.16259765625,0
24.688312530517578,-3.5052947998046875,-23.0809326171875,0
24.615001678466797,-3.56494140625,-23.06817626953125,0
24.663562774658203,-3.402984619140625,-22.9393310546875,0
24.426830291748047,-3.297760009765625,-23.204345703125,0
24.207599639892578,-2.74200439453125,-23.51080322265625,0
24.134071350097656,-2.3456878662109375,-23.29937744140625,0
24.12438201904297,-2.4102859497070312,-23.46319580078125,0
23.88006591796875,-2.5306015014648438,-23.53363037109375,0
24.020530700683594,-2.3996200561523438,-23.50189208984375,0
24.30499267578125,-3.0753021240234375,-23.87200927734375,0
24.763710021972656,-3.185791015625,-23.4886474609375,1
24.565391540527344,-3.0291748046875,-23.98516845703125,1
24.079673767089844,-2.156280517578125,-24.30804443359375,1
24.371234893798828,-2.3114471435546875,-23.50689697265625,1
23.901294708251953,-2.1945571899414062,-23.91424560546875,1
23.387836456298828,-1.9520721435546875,-24.2869873046875,1
23.011341094970703,-1.7251358032226562,-24.61322021484375,1
22.977783203125,-1.6940231323242188,-24.3447265625,1
23.652061462402344,-1.7543106079101562,-23.7156982421875,1
24.05091094970703,-2.04461669921875,-23.34173583984375,1
23.674163818359375,-1.6857833862304688,-23.6204833984375,1
23.603347778320312,-1.6671142578125,-23.63995361328125,1
23.553794860839844,-1.565643310546875,-23.5015869140625,0
23.43787384033203,-1.5534439086914062,-23.72418212890625,0
23.424789428710938,-1.6296234130859375,-23.45440673828125,0
23.278926849365234,-1.5475692749023438,-23.5035400390625,0
21.137165069580078,-1.8106765747070312,-25.03656005859375,0
20.527027130126953,-2.9473724365234375,-24.70855712890625,0
20.62448501586914,-3.063934326171875,-24.49090576171875,0
20.699878692626953,-3.1856842041015625,-24.2275390625,0
20.720447540283203,-3.1916732788085938,-24.25958251953125,0
20.687496185302734,-3.3453216552734375,-24.3905029296875,0
20.83963394165039,-3.4988784790039062,-24.1572265625,0
20.72637176513672,-3.4706268310546875,-24.36041259765625,0
20.7237548828125,-3.445343017578125,-24.56964111328125,0
20.841644287109375,-3.5398712158203125,-24.65484619140625,0
20.76520538330078,-3.6244277954101562,-24.61700439453125,0
20.879104614257812,-3.5652313232421875,-24.45355224609375,0
20.850303649902344,-3.6268234252929688,-24.24603271484375,0
20.729660034179688,-3.581390380859375,-24.47802734375,0
20.662994384765625,-3.6747283935546875,-24.59466552734375,0
20.619529724121094,-3.6255645751953125,-24.51043701171875,0
20.855636596679688,-3.7446823120117188,-24.65234375,0
20.85308837890625,-3.7921371459960938,-24.66717529296875,0
20.83989715576172,-3.8118515014648438,-24.5838623046875,0
20.86615753173828,-3.81195068359375,-24.74066162109375,0
20.927635192871094,-3.718414306640625,-24.52008056640625,0
20.90827178955078,-3.83642578125,-24.512451171875,0
20.85594940185547,-3.7283401489257812,-24.46209716796875,0
20.947898864746094,-3.7457351684570312,-24.4871826171875,0
20.9296875,-3.726898193359375,-24.4271240234375,1
21.09417724609375,-3.78155517578125,-24.31671142578125,1
20.97937774658203,-3.7898101806640625,-24.28253173828125,1
20.865631103515625,-3.7177276611328125,-24.3306884765625,1
21.330467224121094,-2.4701690673828125,-25.010009765625,1
23.633934020996094,-1.6221694946289062,-23.6005859375,1
24.216102600097656,-1.6818771362304688,-23.4459228515625,1
24.022632598876953,-1.5429153442382812,-23.852294921875,1
23.647937774658203,-1.5534210205078125,-23.8875732421875,1
23.651859283447266,-1.5614700317382812,-24.33770751953125,1
23.81808853149414,-1.6739654541015625,-24.55194091796875,1
24.08330535888672,-1.791900634765625,-24.28375244140625,1
23.912094116210938,-1.872833251953125,-24.1993408203125,1
23.777328491210938,-1.71551513671875,-24.35797119140625,1
23.725814819335938,-1.64190673828125,-24.37835693359375,1
23.593753814697266,-1.5792388916015625,-24.53955078125,1
23.714954376220703,-1.474517822265625,-24.6483154296875,1
23.681705474853516,-1.534271240234375,-24.4599609375,1
23.695552825927734,-1.4424209594726562,-24.6324462890625,1
23.542343139648438,-1.3253860473632812,-24.66534423828125,1
23.470016479492188,-1.2343978881835938,-24.5794677734375,0
23.458908081054688,-0.9159088134765625,-24.9677734375,0
23.71294403076172,-0.4656982421875,-24.918212890625,0
24.010093688964844,0.16931915283203125,-25.0177001953125,0
25.27191162109375,1.2618942260742188,-24.7303466796875,0
29.300857543945312,1.0757217407226562,-21.3399658203125,0
32.581809997558594,-6.26361083984375,-14.4517822265625,0
29.74508285522461,-14.576004028320312,-14.2972412109375,0
27.142200469970703,-17.435226440429688,-16.823486328125,0
26.044353485107422,-18.18798065185547,-18.05889892578125,0
26.050281524658203,-18.60382080078125,-18.3677978515625,0
26.341461181640625,-19.145462036132812,-18.4993896484375,0
26.66944122314453,-19.583457946777344,-17.8707275390625,0
27.15105438232422,-19.857284545898438,-17.6131591796875,0
27.2572021484375,-20.23211669921875,-17.50518798828125,0
27.39117431640625,-20.588600158691406,-17.25140380859375,0
27.640914916992188,-20.78992462158203,-16.97332763671875,0
27.93639373779297,-20.808937072753906,-16.68463134765625,0
28.30170440673828,-20.84587860107422,-16.11822509765625,0
28.855934143066406,-21.25011444091797,-15.90606689453125,0
29.35943603515625,-21.554290771484375,-15.56402587890625,0
29.84290313720703,-21.624496459960938,-15.08306884765625,0
30.204742431640625,-21.79730224609375,-15.23724365234375,0
30.44573974609375,-21.899879455566406,-15.18731689453125,0
30.901779174804688,-21.817489624023438,-14.81243896484375,0
31.842864990234375,-21.71045684814453,-14.54168701171875,1
33.002723693847656,-21.354591369628906,-13.5172119140625,1
34.417747497558594,-20.970176696777344,-12.87744140625,1
36.253875732421875,-20.077842712402344,-12.5322265625,1
39.52650451660156,-16.82843780517578,-11.20208740234375,1
37.04765319824219,2.4112319946289062,-20.475341796875,1
25.52228546142578,2.0030288696289062,-28.93988037109375,1
23.322486877441406,1.1700973510742188,-28.8721923828125,1
22.307594299316406,1.1389541625976562,-29.46356201171875,1
22.05877685546875,1.3768234252929688,-29.44610595703125,1
21.9354248046875,1.4701995849609375,-29.8397216796875,0
21.434608459472656,1.8418045043945312,-30.5048828125,0
21.17797088623047,2.1108016967773438,-30.63751220703125,0
20.95203399658203,2.357391357421875,-30.986083984375,0
20.78125762939453,2.31658935546875,-30.90020751953125,0
21.570327758789062,3.956817626953125,-30.65545654296875,0
32.10442352294922,4.262443542480469,-20.56201171875,0
37.895835876464844,-8.186630249023438,-14.9390869140625,0
37.312286376953125,-14.633995056152344,-15.3603515625,0
36.925392150878906,-15.28814697265625,-16.351318359375,0
37.10932159423828,-15.374534606933594,-16.85870361328125,0
37.354774475097656,-15.283065795898438,-16.6961669921875,0
37.29521942138672,-15.269676208496094,-16.66693115234375,0
37.24150466918945,-15.278678894042969,-16.55804443359375,0
37.37472152709961,-15.206130981445312,-16.167236328125,1
37.72153091430664,-14.875648498535156,-16.37933349609375,1
37.78318405151367,-14.509628295898438,-15.964599609375,1
38.05936050415039,-13.94732666015625,-16.28173828125,1
41.6592903137207,-8.408599853515625,-14.376953125,1
30.052288055419922,7.488578796386719,-26.3267822265625,1
22.782535552978516,4.635284423828125,-29.53125,1
20.414939880371094,5.725776672363281,-28.71783447265625,1
20.218215942382812,6.026054382324219,-28.9381103515625,1
20.4007568359375,6.270912170410156,-28.7432861328125,1
20.464141845703125,6.167991638183594,-28.5966796875,1
19.988388061523438,6.0644683837890625,-28.931396484375,1
20.10558319091797,6.2075958251953125,-29.122314453125,1
20.077003479003906,6.33343505859375,-29.1575927734375,1
19.765716552734375,6.2834014892578125,-29.191162109375,1
19.742008209228516,6.5905914306640625,-29.55889892578125,1
19.862567901611328,7.431373596191406,-29.75982666015625,1
20.652103424072266,9.852027893066406,-29.82940673828125,1
20.385997772216797,11.339454650878906,-30.263916015625,1
20.644771575927734,10.912918090820312,-30.0384521484375,1
20.60770034790039,10.559906005859375,-30.265380859375,1
20.38540267944336,10.373100280761719,-30.26678466796875,1
20.20687484741211,9.868980407714844,-30.22259521484375,1
20.286483764648438,8.956375122070312,-30.3074951171875,1
20.31879425048828,8.254287719726562,-29.90283203125,1
20.232688903808594,7.865348815917969,-30.09295654296875,1
20.26305389404297,7.5938262939453125,-29.8582763671875,1
20.29979705810547,7.219657897949219,-29.8880615234375,0
20.204383850097656,6.96673583984375,-29.94476318359375,0
20.251670837402344,6.5775146484375,-29.65228271484375,0
20.343902587890625,6.032142639160156,-29.3564453125,0
20.436405181884766,5.4501190185546875,-29.00457763671875,0
21.912120819091797,5.972755432128906,-27.98309326171875,0
30.736431121826172,5.9986724853515625,-20.2958984375,0
36.1862907409668,0.339813232421875,-16.70245361328125,0
37.2840461730957,-2.50360107421875,-16.710693359375,0
37.15951156616211,-2.2877883911132812,-17.1767578125,0
37.22915267944336,-1.2412948608398438,-17.78564453125,0
37.250423431396484,-0.7178955078125,-18.10150146484375,0
37.14240646362305,-0.7996673583984375,-18.16363525390625,0
36.89426803588867,-0.5417022705078125,-18.01092529296875,0
36.81418991088867,-0.3296051025390625,-18.47705078125,0
36.69404220581055,0.0028076171875,-18.40802001953125,0
36.79330062866211,0.4149017333984375,-18.55908203125,0
36.72285842895508,0.8678741455078125,-18.8013916015625,0
36.24348831176758,1.279205322265625,-18.9888916015625,0
35.60982894897461,1.9968490600585938,-19.14453125,1
34.70615005493164,2.8109130859375,-19.447509765625,1
34.04047775268555,3.3798141479492188,-19.8802490234375,1
33.314510345458984,3.9426040649414062,-20.1953125,1
31.186817169189453,7.6026611328125,-21.3697509765625,1
24.537532806396484,7.053504943847656,-27.83935546875,1
22.557674407958984,4.2180633544921875,-28.41278076171875,1
22.419048309326172,4.140953063964844,-28.03131103515625,1
22.251201629638672,4.517913818359375,-28.22613525390625,1
22.415191650390625,4.220252990722656,-28.593017578125,1
22.44579315185547,4.133018493652344,-28.3226318359375,0
22.241989135742188,4.047492980957031,-28.456787109375,0
22.169998168945312,3.9748764038085938,-28.46942138671875,0
21.970962524414062,4.014007568359375,-28.45648193359375,0
21.76373291015625,4.172813415527344,-28.633056640625,0
19.233055114746094,2.916290283203125,-29.1107177734375,0
19.832244873046875,-0.5005645751953125,-26.1763916015625,0
20.554420471191406,-1.4505538940429688,-24.29669189453125,0
21.129810333251953,-2.0623321533203125,-23.7586669921875,0
21.041332244873047,-1.9220809936523438,-23.7833251953125,0
20.880290985107422,-1.969085693359375,-23.97796630859375,0
20.932727813720703,-1.9246978759765625,-23.99627685546875,0
20.84918975830078,-1.9345779418945312,-23.736083984375,0
20.885391235351562,-1.9725265502929688,-23.93817138671875,0
20.653175354003906,-1.9513168334960938,-24.22418212890625,1
20.506736755371094,-1.8643569946289062,-24.03277587890625,1
20.520938873291016,-1.961517333984375,-23.87054443359375,1
20.583812713623047,-2.0656280517578125,-23.64459228515625,1
20.91366958618164,-1.1823272705078125,-24.3184814453125,1
22.244625091552734,1.0271377563476562,-24.58380126953125,1
23.255077362060547,1.92425537109375,-25.0086669921875,1
23.184040069580078,2.3321533203125,-25.0123291015625,1
22.964351654052734,2.5654296875,-25.550537109375,1
22.872295379638672,2.76898193359375,-25.4908447265625,1
22.950740814208984,3.021148681640625,-25.69677734375,1
22.66263198852539,3.2816238403320312,-25.99725341796875,1
22.827335357666016,2.5933761596679688,-25.5504150390625,1
22.74216079711914,2.2178878784179688,-25.043212890625,1
22.07477569580078,1.3058853149414062,-24.9239501953125,1
21.88445281982422,-0.03153228759765625,-24.1282958984375,0
21.264122009277344,-1.2163925170898438,-23.01995849609375,0
21.599472045898438,-1.3485260009765625,-22.82965087890625,0
23.064353942871094,-0.5083847045898438,-22.14044189453125,0
23.096664428710938,-0.14231109619140625,-22.295654296875,0
22.44921875,-0.24413299560546875,-22.5645751953125,0
21.963134765625,-1.5557785034179688,-22.74932861328125,0
22.282230377197266,-2.4563522338867188,-22.3404541015625,0
22.185733795166016,-2.515472412109375,-22.3902587890625,0
22.060291290283203,-2.60406494140625,-22.43084716796875,0
21.998798370361328,-2.6192398071289062,-22.35809326171875,0
21.964344024658203,-2.6318435668945312,-22.1995849609375,0
22.086864471435547,-2.6197052001953125,-22.02496337890625,0
22.028377532958984,-2.96466064453125,-21.73681640625,1
21.964862823486328,-2.9720458984375,-21.73101806640625,1
21.636138916015625,-2.71368408203125,-22.087890625,1
20.987136840820312,-2.341064453125,-22.6070556640625,1
20.335693359375,-0.5863418579101562,-23.5186767578125,1
21.890953063964844,1.1338119506835938,-22.84393310546875,1
22.20508575439453,1.7749557495117188,-22.68670654296875,1
21.98743438720703,2.0113906860351562,-22.75408935546875,1
22.109573364257812,1.9693145751953125,-22.70068359375,1
22.328468322753906,2.1222381591796875,-22.54766845703125,1
22.398056030273438,1.8934097290039062,-22.7657470703125,1
22.51659393310547,1.766876220703125,-22.48583984375,1
22.45970916748047,1.6148757934570312,-22.6796875,0
22.457000732421875,1.5240249633789062,-22.1871337890625,0
22.428199768066406,1.5357818603515625,-22.51507568359375,0
22.55487823486328,1.5067291259765625,-22.5640869140625,0
21.612380981445312,1.1864471435546875,-22.7603759765625,0
21.539833068847656,-1.6073760986328125,-23.86712646484375,0
23.080047607421875,-2.7506790161132812,-22.0631103515625,0
23.41187286376953,-2.9057388305664062,-21.36944580078125,0
23.634559631347656,-2.8191680908203125,-21.0721435546875,0
23.651123046875,-2.88836669921875,-21.11444091796875,0
23.733474731445312,-2.921173095703125,-21.10906982421875,0
23.556190490722656,-2.9365921020507812,-21.04364013671875,0
23.636734008789062,-2.8549118041992188,-20.78973388671875,0
23.643539428710938,-2.8210220336914062,-20.79156494140625,0
